{
  "breakpoints": [-6.0, -3.0, 0.0, 3.0, 6.0],
  "slopes": [0.014984416708074, 0.15085769000123, 0.15085769000123, 0.014984416708074],
  "intercepts": [0.09237904472894, 0.5, 0.5, 0.90762095527106]
}
