{"input_shapes": [[3, 2, 2], [3, 2, 2], [3, 2, 2]], "input_data": [[0.006402426864951849, 0.0546477846801281, 0.03791030868887901, 0.057746853679418564, 0.03026706539094448, 0.05770156532526016, 0.07304316759109497, 0.07641308754682541, 0.06932983547449112, 0.0041304826736450195, 0.009861445985734463, 0.07692736387252808], [0.0415552519261837, 0.013548016548156738, 0.046301256865262985, 0.09327216446399689, 0.045912325382232666, 0.06049604341387749, 0.07569151371717453, 0.07194950431585312, 0.013698828406631947, 0.09671473503112793, 0.08251019567251205, 0.04880925640463829], [0.000953847193159163, 0.06371661275625229, 0.09247473627328873, 0.04223586246371269, 0.01274173241108656, 0.09394653886556625, 0.035997193306684494, 0.011770474724471569, 0.038802023977041245, 0.0823185071349144, 0.07291588932275772, 0.0731731653213501]], "output_data": [[2.531947135925293, 2.531947135925293, 2.531947135925293, 2.531947135925293, 2.531947135925293, 2.531947135925293, 2.530578136444092, 2.5382046699523926, 2.5266213417053223, 2.531947135925293, 2.531947135925293, 2.5237579345703125, 2.540153980255127, 2.5347211360931396, 2.531947135925293, 2.531947135925293, 2.543057680130005, 2.5285441875457764, 2.5347025394439697, 2.531947135925293, 2.531947135925293, 2.531947135925293, 2.531947135925293, 2.531947135925293, 2.531947135925293, 2.525843858718872, 2.525843858718872, 2.525843858718872, 2.525843858718872, 2.525843858718872, 2.525843858718872, 2.527876853942871, 2.5258495807647705, 2.5168540477752686, 2.525843858718872, 2.525843858718872, 2.529510021209717, 2.527862071990967, 2.529017925262451, 2.525843858718872, 2.525843858718872, 2.521322250366211, 2.5252134799957275, 2.5183987617492676, 2.525843858718872, 2.525843858718872, 2.525843858718872, 2.525843858718872, 2.525843858718872, 2.525843858718872, 2.553361654281616, 2.553361654281616, 2.553361654281616, 2.553361654281616, 2.553361654281616, 2.553361654281616, 2.5534555912017822, 2.5507540702819824, 2.5608303546905518, 2.553361654281616, 2.553361654281616, 2.561260461807251, 2.551497459411621, 2.547823667526245, 2.553361654281616, 2.553361654281616, 2.5519490242004395, 2.565648078918457, 2.5595531463623047, 2.553361654281616, 2.553361654281616, 2.553361654281616, 2.553361654281616, 2.553361654281616, 2.553361654281616], [0.0003179490740876645, 0.021238870918750763, 0.03082491271197796, 0.014078620821237564, 0.004247243981808424, 0.03131551295518875, 0.01199906412512064, 0.003923491574823856, 0.012934007681906223, 0.027439502999186516, 0.024305297061800957, 0.0243910551071167]]}